{
  "run_timestamp": "2026-06-30T22:20:40.367963",
  "mode": "supervised",
  "label_source": "pseudo_labels_phase8",
  "pseudo_label_threshold": 40,
  "accounts_total": 518,
  "fraud_accounts": 12,
  "legit_accounts": 506,
  "features": 42,
  "cv_folds": 5,
  "roc_auc": 0.9883069828722002,
  "average_precision": 0.8354332010582012,
  "fraud_recall": 0.9166666666666666,
  "fraud_precision": 0.6111111111111112,
  "fraud_f1": 0.7333333333333333,
  "confusion_matrix": [
    [
      499,
      7
    ],
    [
      1,
      11
    ]
  ],
  "suspicious_threshold": 0.4,
  "top_10_features": [
    "std_debit",
    "total_debit",
    "total_credit",
    "mean_debit",
    "max_credit",
    "cash_ratio",
    "txn_per_day",
    "counterparty_diversity",
    "fan_in_score",
    "balance_volatility"
  ],
  "feature_importances": {
    "std_debit": 0.3285999894142151,
    "total_debit": 0.3179999887943268,
    "total_credit": 0.1160999983549118,
    "mean_debit": 0.053599998354911804,
    "max_credit": 0.03020000085234642,
    "cash_ratio": 0.0203000009059906,
    "txn_per_day": 0.018699999898672104,
    "counterparty_diversity": 0.016100000590085983,
    "fan_in_score": 0.010099999606609344,
    "balance_volatility": 0.008799999952316284,
    "unique_counterparties": 0.00839999970048666,
    "active_days": 0.007699999958276749,
    "fan_out_score": 0.0066999997943639755,
    "txn_count": 0.006000000052154064,
    "credit_count": 0.005100000184029341,
    "neft_ratio": 0.004999999888241291,
    "upi_ratio": 0.004999999888241291,
    "max_single_txn_ratio": 0.004900000058114529,
    "net_flow": 0.004399999976158142,
    "weekend_ratio": 0.004399999976158142,
    "max_debit": 0.003800000064074993,
    "amount_zscore_max": 0.003599999938160181,
    "debit_count": 0.0034000000450760126,
    "odd_hour_ratio": 0.0031999999191612005,
    "mean_credit": 0.0027000000700354576,
    "amount_zscore_mean": 0.002300000051036477,
    "imps_ratio": 0.0020000000949949026,
    "debit_credit_ratio": 0.0010000000474974513,
    "flag_round_trip": 0.0,
    "burst_count": 0.0,
    "std_credit": 0.0,
    "layering_flag": 0.0,
    "round_trip_flag": 0.0,
    "flag_layering": 0.0,
    "flag_balance_breach": 0.0,
    "flag_high_value": 0.0,
    "flag_velocity": 0.0,
    "flag_odd_hour": 0.0,
    "flag_smurfing": 0.0,
    "flag_fan_out": 0.0,
    "flag_fan_in": 0.0,
    "rtgs_ratio": 0.0
  }
}